--
-- PostgreSQL database dump
--

-- Dumped from database version 14.15 (Ubuntu 14.15-0ubuntu0.22.04.1)
-- Dumped by pg_dump version 14.15 (Ubuntu 14.15-0ubuntu0.22.04.1)

SET statement_timeout = 0;
SET lock_timeout = 0;
SET idle_in_transaction_session_timeout = 0;
SET client_encoding = 'UTF8';
SET standard_conforming_strings = on;
SELECT pg_catalog.set_config('search_path', '', false);
SET check_function_bodies = false;
SET xmloption = content;
SET client_min_messages = warning;
SET row_security = off;

SET default_tablespace = '';

SET default_table_access_method = heap;

--
-- Name: auth_group; Type: TABLE; Schema: public; Owner: mladjo
--

CREATE TABLE public.auth_group (
    id integer NOT NULL,
    name character varying(150) NOT NULL
);


ALTER TABLE public.auth_group OWNER TO mladjo;

--
-- Name: auth_group_id_seq; Type: SEQUENCE; Schema: public; Owner: mladjo
--

ALTER TABLE public.auth_group ALTER COLUMN id ADD GENERATED BY DEFAULT AS IDENTITY (
    SEQUENCE NAME public.auth_group_id_seq
    START WITH 1
    INCREMENT BY 1
    NO MINVALUE
    NO MAXVALUE
    CACHE 1
);


--
-- Name: auth_group_permissions; Type: TABLE; Schema: public; Owner: mladjo
--

CREATE TABLE public.auth_group_permissions (
    id bigint NOT NULL,
    group_id integer NOT NULL,
    permission_id integer NOT NULL
);


ALTER TABLE public.auth_group_permissions OWNER TO mladjo;

--
-- Name: auth_group_permissions_id_seq; Type: SEQUENCE; Schema: public; Owner: mladjo
--

ALTER TABLE public.auth_group_permissions ALTER COLUMN id ADD GENERATED BY DEFAULT AS IDENTITY (
    SEQUENCE NAME public.auth_group_permissions_id_seq
    START WITH 1
    INCREMENT BY 1
    NO MINVALUE
    NO MAXVALUE
    CACHE 1
);


--
-- Name: auth_permission; Type: TABLE; Schema: public; Owner: mladjo
--

CREATE TABLE public.auth_permission (
    id integer NOT NULL,
    name character varying(255) NOT NULL,
    content_type_id integer NOT NULL,
    codename character varying(100) NOT NULL
);


ALTER TABLE public.auth_permission OWNER TO mladjo;

--
-- Name: auth_permission_id_seq; Type: SEQUENCE; Schema: public; Owner: mladjo
--

ALTER TABLE public.auth_permission ALTER COLUMN id ADD GENERATED BY DEFAULT AS IDENTITY (
    SEQUENCE NAME public.auth_permission_id_seq
    START WITH 1
    INCREMENT BY 1
    NO MINVALUE
    NO MAXVALUE
    CACHE 1
);


--
-- Name: auth_user; Type: TABLE; Schema: public; Owner: mladjo
--

CREATE TABLE public.auth_user (
    id integer NOT NULL,
    password character varying(128) NOT NULL,
    last_login timestamp with time zone,
    is_superuser boolean NOT NULL,
    username character varying(150) NOT NULL,
    first_name character varying(150) NOT NULL,
    last_name character varying(150) NOT NULL,
    email character varying(254) NOT NULL,
    is_staff boolean NOT NULL,
    is_active boolean NOT NULL,
    date_joined timestamp with time zone NOT NULL
);


ALTER TABLE public.auth_user OWNER TO mladjo;

--
-- Name: auth_user_groups; Type: TABLE; Schema: public; Owner: mladjo
--

CREATE TABLE public.auth_user_groups (
    id bigint NOT NULL,
    user_id integer NOT NULL,
    group_id integer NOT NULL
);


ALTER TABLE public.auth_user_groups OWNER TO mladjo;

--
-- Name: auth_user_groups_id_seq; Type: SEQUENCE; Schema: public; Owner: mladjo
--

ALTER TABLE public.auth_user_groups ALTER COLUMN id ADD GENERATED BY DEFAULT AS IDENTITY (
    SEQUENCE NAME public.auth_user_groups_id_seq
    START WITH 1
    INCREMENT BY 1
    NO MINVALUE
    NO MAXVALUE
    CACHE 1
);


--
-- Name: auth_user_id_seq; Type: SEQUENCE; Schema: public; Owner: mladjo
--

ALTER TABLE public.auth_user ALTER COLUMN id ADD GENERATED BY DEFAULT AS IDENTITY (
    SEQUENCE NAME public.auth_user_id_seq
    START WITH 1
    INCREMENT BY 1
    NO MINVALUE
    NO MAXVALUE
    CACHE 1
);


--
-- Name: auth_user_user_permissions; Type: TABLE; Schema: public; Owner: mladjo
--

CREATE TABLE public.auth_user_user_permissions (
    id bigint NOT NULL,
    user_id integer NOT NULL,
    permission_id integer NOT NULL
);


ALTER TABLE public.auth_user_user_permissions OWNER TO mladjo;

--
-- Name: auth_user_user_permissions_id_seq; Type: SEQUENCE; Schema: public; Owner: mladjo
--

ALTER TABLE public.auth_user_user_permissions ALTER COLUMN id ADD GENERATED BY DEFAULT AS IDENTITY (
    SEQUENCE NAME public.auth_user_user_permissions_id_seq
    START WITH 1
    INCREMENT BY 1
    NO MINVALUE
    NO MAXVALUE
    CACHE 1
);


--
-- Name: cms_category; Type: TABLE; Schema: public; Owner: mladjo
--

CREATE TABLE public.cms_category (
    id bigint NOT NULL,
    name character varying(100) NOT NULL,
    slug character varying(100) NOT NULL,
    meta_title character varying(200) NOT NULL,
    meta_description text NOT NULL,
    view_count integer NOT NULL,
    featured_image character varying(100),
    CONSTRAINT cms_category_view_count_check CHECK ((view_count >= 0))
);


ALTER TABLE public.cms_category OWNER TO mladjo;

--
-- Name: cms_category_id_seq; Type: SEQUENCE; Schema: public; Owner: mladjo
--

ALTER TABLE public.cms_category ALTER COLUMN id ADD GENERATED BY DEFAULT AS IDENTITY (
    SEQUENCE NAME public.cms_category_id_seq
    START WITH 1
    INCREMENT BY 1
    NO MINVALUE
    NO MAXVALUE
    CACHE 1
);


--
-- Name: cms_contactmessage; Type: TABLE; Schema: public; Owner: mladjo
--

CREATE TABLE public.cms_contactmessage (
    id bigint NOT NULL,
    name character varying(100) NOT NULL,
    email character varying(254) NOT NULL,
    subject character varying(200) NOT NULL,
    message text NOT NULL,
    created_at timestamp with time zone NOT NULL
);


ALTER TABLE public.cms_contactmessage OWNER TO mladjo;

--
-- Name: cms_contactmessage_id_seq; Type: SEQUENCE; Schema: public; Owner: mladjo
--

ALTER TABLE public.cms_contactmessage ALTER COLUMN id ADD GENERATED BY DEFAULT AS IDENTITY (
    SEQUENCE NAME public.cms_contactmessage_id_seq
    START WITH 1
    INCREMENT BY 1
    NO MINVALUE
    NO MAXVALUE
    CACHE 1
);


--
-- Name: cms_page; Type: TABLE; Schema: public; Owner: mladjo
--

CREATE TABLE public.cms_page (
    id bigint NOT NULL,
    title character varying(255) NOT NULL,
    slug character varying(250) NOT NULL,
    content text NOT NULL,
    meta_title character varying(200) NOT NULL,
    meta_description text NOT NULL,
    view_count integer NOT NULL,
    status integer NOT NULL,
    CONSTRAINT cms_page_view_count_check CHECK ((view_count >= 0))
);


ALTER TABLE public.cms_page OWNER TO mladjo;

--
-- Name: cms_page_id_seq; Type: SEQUENCE; Schema: public; Owner: mladjo
--

ALTER TABLE public.cms_page ALTER COLUMN id ADD GENERATED BY DEFAULT AS IDENTITY (
    SEQUENCE NAME public.cms_page_id_seq
    START WITH 1
    INCREMENT BY 1
    NO MINVALUE
    NO MAXVALUE
    CACHE 1
);


--
-- Name: cms_post; Type: TABLE; Schema: public; Owner: mladjo
--

CREATE TABLE public.cms_post (
    id bigint NOT NULL,
    featured_image character varying(100),
    title character varying(255) NOT NULL,
    slug character varying(100) NOT NULL,
    content text NOT NULL,
    excerpt text NOT NULL,
    meta_title character varying(200) NOT NULL,
    meta_description text NOT NULL,
    created_at timestamp with time zone NOT NULL,
    updated_at timestamp with time zone NOT NULL,
    status integer NOT NULL,
    is_featured boolean NOT NULL,
    view_count integer NOT NULL,
    author_id integer NOT NULL,
    category_id bigint NOT NULL,
    CONSTRAINT cms_post_view_count_check CHECK ((view_count >= 0))
);


ALTER TABLE public.cms_post OWNER TO mladjo;

--
-- Name: cms_post_id_seq; Type: SEQUENCE; Schema: public; Owner: mladjo
--

ALTER TABLE public.cms_post ALTER COLUMN id ADD GENERATED BY DEFAULT AS IDENTITY (
    SEQUENCE NAME public.cms_post_id_seq
    START WITH 1
    INCREMENT BY 1
    NO MINVALUE
    NO MAXVALUE
    CACHE 1
);


--
-- Name: cms_post_tags; Type: TABLE; Schema: public; Owner: mladjo
--

CREATE TABLE public.cms_post_tags (
    id bigint NOT NULL,
    post_id bigint NOT NULL,
    tag_id bigint NOT NULL
);


ALTER TABLE public.cms_post_tags OWNER TO mladjo;

--
-- Name: cms_post_tags_id_seq; Type: SEQUENCE; Schema: public; Owner: mladjo
--

ALTER TABLE public.cms_post_tags ALTER COLUMN id ADD GENERATED BY DEFAULT AS IDENTITY (
    SEQUENCE NAME public.cms_post_tags_id_seq
    START WITH 1
    INCREMENT BY 1
    NO MINVALUE
    NO MAXVALUE
    CACHE 1
);


--
-- Name: cms_tag; Type: TABLE; Schema: public; Owner: mladjo
--

CREATE TABLE public.cms_tag (
    id bigint NOT NULL,
    name character varying(100) NOT NULL,
    slug character varying(100) NOT NULL,
    meta_title character varying(200) NOT NULL,
    meta_description text NOT NULL,
    view_count integer NOT NULL,
    CONSTRAINT cms_tag_view_count_check CHECK ((view_count >= 0))
);


ALTER TABLE public.cms_tag OWNER TO mladjo;

--
-- Name: cms_tag_id_seq; Type: SEQUENCE; Schema: public; Owner: mladjo
--

ALTER TABLE public.cms_tag ALTER COLUMN id ADD GENERATED BY DEFAULT AS IDENTITY (
    SEQUENCE NAME public.cms_tag_id_seq
    START WITH 1
    INCREMENT BY 1
    NO MINVALUE
    NO MAXVALUE
    CACHE 1
);


--
-- Name: django_admin_log; Type: TABLE; Schema: public; Owner: mladjo
--

CREATE TABLE public.django_admin_log (
    id integer NOT NULL,
    action_time timestamp with time zone NOT NULL,
    object_id text,
    object_repr character varying(200) NOT NULL,
    action_flag smallint NOT NULL,
    change_message text NOT NULL,
    content_type_id integer,
    user_id integer NOT NULL,
    CONSTRAINT django_admin_log_action_flag_check CHECK ((action_flag >= 0))
);


ALTER TABLE public.django_admin_log OWNER TO mladjo;

--
-- Name: django_admin_log_id_seq; Type: SEQUENCE; Schema: public; Owner: mladjo
--

ALTER TABLE public.django_admin_log ALTER COLUMN id ADD GENERATED BY DEFAULT AS IDENTITY (
    SEQUENCE NAME public.django_admin_log_id_seq
    START WITH 1
    INCREMENT BY 1
    NO MINVALUE
    NO MAXVALUE
    CACHE 1
);


--
-- Name: django_content_type; Type: TABLE; Schema: public; Owner: mladjo
--

CREATE TABLE public.django_content_type (
    id integer NOT NULL,
    app_label character varying(100) NOT NULL,
    model character varying(100) NOT NULL
);


ALTER TABLE public.django_content_type OWNER TO mladjo;

--
-- Name: django_content_type_id_seq; Type: SEQUENCE; Schema: public; Owner: mladjo
--

ALTER TABLE public.django_content_type ALTER COLUMN id ADD GENERATED BY DEFAULT AS IDENTITY (
    SEQUENCE NAME public.django_content_type_id_seq
    START WITH 1
    INCREMENT BY 1
    NO MINVALUE
    NO MAXVALUE
    CACHE 1
);


--
-- Name: django_migrations; Type: TABLE; Schema: public; Owner: mladjo
--

CREATE TABLE public.django_migrations (
    id bigint NOT NULL,
    app character varying(255) NOT NULL,
    name character varying(255) NOT NULL,
    applied timestamp with time zone NOT NULL
);


ALTER TABLE public.django_migrations OWNER TO mladjo;

--
-- Name: django_migrations_id_seq; Type: SEQUENCE; Schema: public; Owner: mladjo
--

ALTER TABLE public.django_migrations ALTER COLUMN id ADD GENERATED BY DEFAULT AS IDENTITY (
    SEQUENCE NAME public.django_migrations_id_seq
    START WITH 1
    INCREMENT BY 1
    NO MINVALUE
    NO MAXVALUE
    CACHE 1
);


--
-- Name: django_session; Type: TABLE; Schema: public; Owner: mladjo
--

CREATE TABLE public.django_session (
    session_key character varying(40) NOT NULL,
    session_data text NOT NULL,
    expire_date timestamp with time zone NOT NULL
);


ALTER TABLE public.django_session OWNER TO mladjo;

--
-- Data for Name: auth_group; Type: TABLE DATA; Schema: public; Owner: mladjo
--

COPY public.auth_group (id, name) FROM stdin;
\.


--
-- Data for Name: auth_group_permissions; Type: TABLE DATA; Schema: public; Owner: mladjo
--

COPY public.auth_group_permissions (id, group_id, permission_id) FROM stdin;
\.


--
-- Data for Name: auth_permission; Type: TABLE DATA; Schema: public; Owner: mladjo
--

COPY public.auth_permission (id, name, content_type_id, codename) FROM stdin;
1	Can add log entry	1	add_logentry
2	Can change log entry	1	change_logentry
3	Can delete log entry	1	delete_logentry
4	Can view log entry	1	view_logentry
5	Can add permission	2	add_permission
6	Can change permission	2	change_permission
7	Can delete permission	2	delete_permission
8	Can view permission	2	view_permission
9	Can add group	3	add_group
10	Can change group	3	change_group
11	Can delete group	3	delete_group
12	Can view group	3	view_group
13	Can add user	4	add_user
14	Can change user	4	change_user
15	Can delete user	4	delete_user
16	Can view user	4	view_user
17	Can add content type	5	add_contenttype
18	Can change content type	5	change_contenttype
19	Can delete content type	5	delete_contenttype
20	Can view content type	5	view_contenttype
21	Can add session	6	add_session
22	Can change session	6	change_session
23	Can delete session	6	delete_session
24	Can view session	6	view_session
25	Can add Category	7	add_category
26	Can change Category	7	change_category
27	Can delete Category	7	delete_category
28	Can view Category	7	view_category
29	Can add contact message	8	add_contactmessage
30	Can change contact message	8	change_contactmessage
31	Can delete contact message	8	delete_contactmessage
32	Can view contact message	8	view_contactmessage
33	Can add Page	9	add_page
34	Can change Page	9	change_page
35	Can delete Page	9	delete_page
36	Can view Page	9	view_page
37	Can add tag	10	add_tag
38	Can change tag	10	change_tag
39	Can delete tag	10	delete_tag
40	Can view tag	10	view_tag
41	Can add Post	11	add_post
42	Can change Post	11	change_post
43	Can delete Post	11	delete_post
44	Can view Post	11	view_post
\.


--
-- Data for Name: auth_user; Type: TABLE DATA; Schema: public; Owner: mladjo
--

COPY public.auth_user (id, password, last_login, is_superuser, username, first_name, last_name, email, is_staff, is_active, date_joined) FROM stdin;
1	pbkdf2_sha256$870000$OrUBBu4FKLfesbVt1cYLcd$vU9trdcPfGooLMeU10axTzQK7xTJfStjSNaivRf27UQ=	2025-01-30 08:57:48.963993+01	t	mladjo				t	t	2025-01-30 08:57:31.507648+01
\.


--
-- Data for Name: auth_user_groups; Type: TABLE DATA; Schema: public; Owner: mladjo
--

COPY public.auth_user_groups (id, user_id, group_id) FROM stdin;
\.


--
-- Data for Name: auth_user_user_permissions; Type: TABLE DATA; Schema: public; Owner: mladjo
--

COPY public.auth_user_user_permissions (id, user_id, permission_id) FROM stdin;
\.


--
-- Data for Name: cms_category; Type: TABLE DATA; Schema: public; Owner: mladjo
--

COPY public.cms_category (id, name, slug, meta_title, meta_description, view_count, featured_image) FROM stdin;
2	Database Administration	database-administration	Database Administration: Best Practices, Tools & Tutorials	Explore comprehensive guides on database administration, including performance tuning, security best practices, backup strategies, and essential tools for moder	0	\N
3	Development	development			0	
4	Design	design			0	
5	Web Development	web-development			0	
6	Frontend Development	frontend-development			0	
8	Linux	linux			0	
9	Linux Administration	linux-administration			0	
10	Web Servers	web-servers			0	
\.


--
-- Data for Name: cms_contactmessage; Type: TABLE DATA; Schema: public; Owner: mladjo
--

COPY public.cms_contactmessage (id, name, email, subject, message, created_at) FROM stdin;
\.


--
-- Data for Name: cms_page; Type: TABLE DATA; Schema: public; Owner: mladjo
--

COPY public.cms_page (id, title, slug, content, meta_title, meta_description, view_count, status) FROM stdin;
1	About	about	<h2>About Code & Beyond</h2>\r\n\r\n<p>Welcome to <strong>Code & Beyond</strong>, your go-to source for insights into software development, emerging technology trends, and digital innovation. Whether you're a developer, tech enthusiast, or industry professional, our goal is to provide valuable content that enhances your knowledge and skills.</p>\r\n\r\n<h3>What We Cover</h3>\r\n<ul>\r\n  <li>Software Development Best Practices</li>\r\n  <li>Programming Languages & Frameworks</li>\r\n  <li>Technology Trends & Innovations</li>\r\n  <li>Digital Transformation & Industry Insights</li>\r\n</ul>\r\n\r\n<h3>Our Mission</h3>\r\n<p>At <strong>Code & Beyond</strong>, we believe in sharing knowledge, exploring new ideas, and building digital solutions that shape the future. Our content is crafted to inspire learning, encourage discussions, and provide practical insights.</p>\r\n\r\n<p>Join us as we navigate the ever-evolving world of technology!</p>	About Code & Beyond | Software Development & Tech Insights	Learn more about Code & Beyond, a blog exploring software development, technology trends, and digital innovation. Stay ahead with expert insights and industry u	0	1
\.


--
-- Data for Name: cms_post; Type: TABLE DATA; Schema: public; Owner: mladjo
--

COPY public.cms_post (id, featured_image, title, slug, content, excerpt, meta_title, meta_description, created_at, updated_at, status, is_featured, view_count, author_id, category_id) FROM stdin;
2	posts/2025/01/30/essential-postgresql-commands-guide-1200x675.webp	Essential PostgreSQL Commands Guide	essential-postgresql-commands-guide	<h1>\n Essential PostgreSQL Commands: A Comprehensive Guide for Database Administrators\n</h1>\n<p>\n Whether you're a database administrator, developer, or just getting started with PostgreSQL, having a handy reference of essential commands is crucial. This guide covers the most important PostgreSQL commands for managing databases, users, and monitoring your system.\n</p>\n<h2>\n Administrative Access\n</h2>\n<p>\n Access PostgreSQL as the superuser:\n</p>\n<pre><code># Access PostgreSQL as postgres user\r\nsudo -u postgres psql</code></pre>\n<h2>\n Database Management\n</h2>\n<p>\n First, let's look at basic database operations and navigation commands:\n</p>\n<pre><code># List all databases\r\n\\l\r\n\\l+    # With additional details\r\n\r\n# Connect to specific database\r\n\\c database_name\r\n\r\n# List all tables in current database\r\n\\dt\r\n\\dt+   # With additional details</code></pre>\n<h2>\n User Management\n</h2>\n<p>\n Managing users and their permissions is a critical part of database administration:\n</p>\n<pre><code># List all users/roles\r\n\\du\r\n\\du+   # With additional details\r\n\r\n# Create new user\r\nCREATE USER username WITH PASSWORD 'password';\r\n\r\n# Grant privileges\r\nGRANT ALL PRIVILEGES ON DATABASE database_name TO username;\r\nGRANT ALL PRIVILEGES ON ALL TABLES IN SCHEMA public TO username;\r\n\r\n# Revoke privileges\r\nREVOKE ALL PRIVILEGES ON DATABASE database_name FROM username;\r\n\r\n# Delete user\r\nDROP USER username;</code></pre>\n<h2>\n System Information\n</h2>\n<p>\n These commands help you monitor and understand your PostgreSQL installation:\n</p>\n<pre><code># Show database version\r\nSELECT version();\r\n\r\n# Show current user\r\nSELECT current_user;\r\n\r\n# Show current database\r\nSELECT current_database();</code></pre>\n<h2>\n Size and Storage\n</h2>\n<p>\n Monitor your database and table sizes with these commands:\n</p>\n<pre><code># Check database size\r\nSELECT pg_size_pretty(pg_database_size('database_name'));\r\n\r\n# Check table size\r\nSELECT pg_size_pretty(pg_total_relation_size('table_name'));</code></pre>\n<h2>\n Connection Management\n</h2>\n<p>\n Monitor and manage database connections:\n</p>\n<pre><code># List all active connections\r\nSELECT * FROM pg_stat_activity;\r\n\r\n# Kill a specific connection\r\nSELECT pg_terminate_backend(pid);</code></pre>\n<h2>\n Backup and Restore\n</h2>\n<p>\n Essential commands for data backup and restoration:\n</p>\n<pre><code># Backup database\r\npg_dump -U username database_name &gt; backup.sql\r\n\r\n# Restore database\r\npsql -U username database_name &lt; backup.sql</code></pre>\n<h2>\n System Service Management\n</h2>\n<p>\n Control your PostgreSQL service with these system-level commands:\n</p>\n<pre><code># Start PostgreSQL service\r\nsudo systemctl start postgresql\r\n\r\n# Stop PostgreSQL service\r\nsudo systemctl stop postgresql\r\n\r\n# Restart PostgreSQL service\r\nsudo systemctl restart postgresql\r\n\r\n# Check status\r\nsudo systemctl status postgresql</code></pre>\n<h2>\n Log Monitoring\n</h2>\n<p>\n Keep track of your PostgreSQL logs:\n</p>\n<pre><code># View PostgreSQL log files (location might vary)\r\ntail -f /var/log/postgresql/postgresql-*.log</code></pre>\n<h2>\n Conclusion\n</h2>\n<p>\n These commands form a solid foundation for managing your PostgreSQL databases. Keep this guide handy as a quick reference when performing database administration tasks. Remember to always be careful when executing commands that modify data or user permissions, and make sure to maintain regular backups of your important databases.\n</p>\n	Discover the most important PostgreSQL commands every database administrator and developer needs to know. From basic database operations to user management, system monitoring, and maintenance tasks, this guide provides a complete reference for effectively managing your PostgreSQL databases. Learn how to check database status, manage users, monitor performance, and handle backups with simple, practical commands.	Essential PostgreSQL Commands: A Complete Guide for DBAs and Developers (2025)	Master PostgreSQL administration with this comprehensive guide covering essential commands for database management, user control, monitoring, backup, and system	2025-01-30 09:14:46.702717+01	2025-01-30 11:20:49.97852+01	1	t	7	1	2
1	posts/2025/01/30/install-postgresql-on-debian-1200x675.webp	Install PostgreSQL on Debian	install-postgresql-on-debian	<p>\n To install and configure PostgreSQL on your Debian, follow these steps:\n</p>\n<h3>\n Step 1: Install PostgreSQL\n</h3>\n<ol>\n <li>\n  <p>\n   <strong>\n    Update your package lists\n   </strong>\n   to ensure you have the latest information about available packages:\n  </p>\n  <pre><code>sudo apt update</code></pre>\n </li>\n <li>\n  <p>\n   <strong>\n    Install PostgreSQL\n   </strong>\n   and the PostgreSQL contrib package (which includes additional utilities):\n  </p>\n  <pre><code>sudo apt install postgresql postgresql-contrib</code></pre>\n </li>\n <li>\n  <p>\n   Once the installation is complete, verify the installation and check the status:\n  </p>\n  <pre><code>sudo systemctl status postgresql</code></pre>\n </li>\n</ol>\n<h3>\n Step 2: Configure PostgreSQL\n</h3>\n<ol>\n <li>\n  <p>\n   <strong>\n    Switch to the PostgreSQL user\n   </strong>\n   :\n  </p>\n  <pre><code>sudo -i -u postgres</code></pre>\n </li>\n <li>\n  <p>\n   <strong>\n    Access the PostgreSQL prompt\n   </strong>\n   :\n  </p>\n  <pre><code>psql</code></pre>\n </li>\n <li>\n  <p>\n   <strong>\n    Create a new PostgreSQL role\n   </strong>\n   :\n  </p>\n  <pre><code>CREATE ROLE your_user_name WITH LOGIN PASSWORD 'your_password';</code></pre>\n  <p>\n   Replace\n   <code>\n    your_user_name\n   </code>\n   with your desired username and\n   <code>\n    your_password\n   </code>\n   with the desired password.\n  </p>\n </li>\n <li>\n  <p>\n   <strong>\n    Grant privileges to the new role\n   </strong>\n   :\n  </p>\n  <pre><code>ALTER ROLE your_user_name WITH SUPERUSER;</code></pre>\n </li>\n <li>\n  <p>\n   <strong>\n    Create a new database (optional)\n   </strong>\n   :\n  </p>\n  <pre><code>CREATE DATABASE your_database_name OWNER your_user_name;</code></pre>\n </li>\n <li>\n  <p>\n   <strong>\n    Exit PostgreSQL\n   </strong>\n   :\n  </p>\n  <pre><code>\\q</code></pre>\n </li>\n <li>\n  <p>\n   <strong>\n    Test the connection\n   </strong>\n   :\n  </p>\n  <pre><code>psql -U your_user_name -d your_database_name -h 127.0.0.1 -W</code></pre>\n </li>\n <li>\n  <p>\n   <strong>\n    Close the psql session:\n   </strong>\n  </p>\n  <pre><code>Ctrl+D</code></pre>\n </li>\n</ol>\n<h3>\n Step 4: Allow PostgreSQL Through the Firewall (if applicable)\n</h3>\n<p>\n If using\n <code>\n  ufw\n </code>\n as your firewall, allow PostgreSQL’s default port:\n</p>\n<pre><code>sudo ufw allow 5432/tcp</code></pre>\n<h3>\n Step 5: Verify the Installation\n</h3>\n<pre><code>psql -U your_user_name -d your_database_name</code></pre>\n<h3>\n Enable PostgreSQL to Start on Boot\n</h3>\n<p>\n Ensure PostgreSQL starts automatically after a reboot:\n</p>\n<pre><code>sudo systemctl enable postgresql</code></pre>\n<p>\n That’s it! You now have a fully functioning PostgreSQL installation, ready for local or remote connections.\n</p>\n	Step-by-step guide to installing and configuring PostgreSQL on Debian, including user roles, database setup and firewall settings.	Install and Configure PostgreSQL on Debian – Step-by-Step Guide	Learn how to install and configure PostgreSQL on Debian with this detailed step-by-step guide. Includes user creation, database setup and firewall settings.	2025-01-30 09:02:36.766202+01	2025-01-30 11:08:39.499728+01	1	t	3	1	2
3	posts/2025/02/01/typography-generator-a-tool-for-creating-harmonious-type-systems-1200x675.webp	Typography Generator: A  Tool for Creating Harmonious Type Systems	react-typography-generator	<p>\n As designers and developers, we often struggle to create consistent and visually pleasing typography systems. Today, I'm excited to share a tool I've built to solve this common challenge - the Typography Generator.\n</p>\n<h2>\n What is Typography Generator?\n</h2>\n<p>\n Typography Generator is an open-source React application that helps you create harmonious typography systems with real-time preview and code generation. Whether you're starting a new project or refining an existing design system, this tool makes it easy to experiment with different type scales and see the results instantly.\n</p>\n<p>\n Try it here:\n <a href="[DEPLOYMENT_URL]">\n  Typography Generator\n </a>\n</p>\n<h2>\n Key Features\n</h2>\n<h3>\n Interactive Scale Generation\n</h3>\n<p>\n Choose from various mathematical ratios (like the Golden Ratio or Perfect Fourth) to create your type scale. The tool automatically generates a complete set of font sizes that work together harmoniously.\n</p>\n<h3>\n Automatic Calculations\n</h3>\n<p>\n Stop guessing about line heights and letter spacing. The generator automatically calculates optimal values based on font size, ensuring readability across your scale.\n</p>\n<h3>\n Real-time Preview\n</h3>\n<p>\n See your typography system in action with live previews. Test how different sizes work together and make adjustments on the fly.\n</p>\n<h3>\n CSS and SCSS Output\n</h3>\n<p>\n Get production-ready code in both CSS custom properties and SCSS formats. Copy and paste directly into your project, or use it as a starting point for your custom typography system.\n</p>\n<h2>\n How to Use It\n</h2>\n<ol>\n <li>\n  Set your base font size (default is 16px)\n </li>\n <li>\n  Choose a scale ratio from the dropdown\n </li>\n <li>\n  Preview the generated scale in real-time\n </li>\n <li>\n  Switch between tabs to view CSS or SCSS output\n </li>\n <li>\n  Copy the code and use it in your project\n </li>\n</ol>\n<h2>\n Technical Details\n</h2>\n<p>\n The project is built with React and uses modern web technologies to ensure reliable performance and accurate calculations. The source code is available on\n <a href="https://github.com/mladjom/typography-generator">\n  GitHub\n </a>\n , and contributions are welcome!\n</p>\n<h2>\n Future Plans\n</h2>\n<p>\n This is just the beginning! Here are some features planned for future releases:\n</p>\n<ul>\n <li>\n  Font pairing recommendations\n </li>\n <li>\n  Accessibility checks for contrast and readability\n </li>\n <li>\n  Popular design system presets\n </li>\n <li>\n  Sharable configuration URLs\n </li>\n <li>\n  Additional preview templates\n </li>\n</ul>\n<h2>\n Get Started\n</h2>\n<p>\n Ready to create your own typography system?\n</p>\n<ul>\n <li>\n  Try the tool:\n  <a href="[DEPLOYMENT_URL]">\n   Typography Generator\n  </a>\n </li>\n <li>\n  Check out the code:\n  <a href="https://github.com/mladjom/typography-generator">\n   GitHub Repository\n  </a>\n </li>\n <li>\n  Report issues or contribute:\n  <a href="https://github.com/mladjom/typography-generator/issues">\n   GitHub Issues\n  </a>\n </li>\n</ul>\n<p>\n I'd love to hear your feedback and see how you use the Typography Generator in your projects. Feel free to reach out on GitHub or share your creations!\n</p>\n	A free, open-source React tool that helps designers and developers create consistent typography systems with real-time preview and code generation. Perfect for design systems and web projects.	Typography Generator: Create Perfect Type Systems for Web Projects	Build harmonious typography systems with this free React-based tool. Generate responsive type scales, preview changes in real-time, and export production-ready	2025-02-01 13:27:27.807706+01	2025-02-01 15:09:53.096441+01	1	t	6	1	5
4		Installing Nginx on Ubuntu	installing-nginx-on-ubuntu	<p>\n Nginx is a popular open-source web server known for its high performance, stability, and flexibility. This guide will walk you through the process of installing Nginx on an Ubuntu server.\n</p>\n<h2>\n Prerequisites\n</h2>\n<ul>\n <li>\n  An Ubuntu server with root or sudo access.\n </li>\n <li>\n  An updated system:\n </li>\n ```bash\r\n    sudo apt update\r\n    sudo apt upgrade -y \r\n    ```\n</ul>\n<h2>\n 1. Install Nginx\n</h2>\n<p>\n Install Nginx using the following command:\n</p>\n```bash\r\nsudo apt install nginx\n				2025-02-01 13:57:41.507489+01	2025-02-01 14:00:53.671816+01	0	t	1	1	3
6		How to Set Up SSH Server on Ubuntu	how-to-set-up-ssh-server-on-ubuntu	<h2>\n Installing SSH Server\n</h2>\n<p>\n To enable remote access to your Ubuntu machine, you'll first need to install the OpenSSH server package. Here's how to do it:\n</p>\n<pre><code>sudo apt update\r\nsudo apt install openssh-server</code></pre>\n<h2>\n Verifying Installation\n</h2>\n<p>\n After installation, verify that SSH service is running with these commands:\n</p>\n<pre><code>sudo systemctl status ssh\r\nsudo systemctl enable ssh\r\nsudo systemctl start ssh</code></pre>\n<h2>\n Basic SSH Connection\n</h2>\n<p>\n From your client machine, you can now connect using:\n</p>\n<pre><code>ssh username@server_ip</code></pre>\n<h2>\n Setting Up Key-based Authentication\n</h2>\n<p>\n For enhanced security, set up SSH keys instead of password authentication:\n</p>\n<h3>\n 1. Generate SSH Key Pair\n</h3>\n<pre><code>ssh-keygen -t ed25519</code></pre>\n<h3>\n 2. Copy Public Key to Server\n</h3>\n<pre><code>ssh-copy-id username@server_ip</code></pre>\n<h2>\n Enhancing Security\n</h2>\n<p>\n After setting up key-based authentication, disable password authentication by editing the SSH configuration:\n</p>\n<pre><code>sudo nano /etc/ssh/sshd_config</code></pre>\n<p>\n Modify these settings:\n</p>\n<pre><code>PasswordAuthentication no\r\nChallengeResponseAuthentication no</code></pre>\n<p>\n Finally, restart the SSH service:\n</p>\n<pre><code>sudo systemctl restart ssh</code></pre>\n<h2>\n Testing\n</h2>\n<p>\n Test your new SSH setup by trying to connect from your client machine. You should now be able to log in using your SSH key without a password prompt.\n</p>\n	Learn how to install, configure and secure SSH server on Ubuntu with this step-by-step guide covering installation, key-based authentication, and essential security configurations.	How to Set Up SSH Server on Ubuntu: Complete Setup Guide	Step-by-step guide to installing and configuring SSH server on Ubuntu, including key-based authentication setup and security best practices for remote access.	2025-02-02 10:03:41.277217+01	2025-02-02 10:10:00.645655+01	1	f	1	1	9
5	posts/2025/02/01/debian-and-its-influence-the-universal-operating-system-1200x675.webp	Debian and Its Influence: The Universal Operating System	debian-and-its-influence	<p>\n Debian is one of the most popular and stable Linux distributions, known for its reliability, security, and extensive software repositories. It serves as the foundation for numerous other distributions, including Ubuntu, which has played a crucial role in bringing Linux to mainstream users.\n</p>\n<h2>\n What Makes Debian Unique?\n</h2>\n<ul>\n <li>\n  <strong>\n   Stability:\n  </strong>\n  Debian follows a rigorous testing process before releasing stable versions, ensuring reliability for servers and desktops alike.\n </li>\n <li>\n  <strong>\n   Security:\n  </strong>\n  The Debian Security Team actively maintains updates, making Debian one of the most secure Linux distributions.\n </li>\n <li>\n  <strong>\n   Free and Open Source:\n  </strong>\n  Debian adheres to the principles of free software, offering an extensive selection of FOSS applications.\n </li>\n <li>\n  <strong>\n   Vast Software Repositories:\n  </strong>\n  With thousands of packages available, users can easily install and update software using APT (Advanced Package Tool).\n </li>\n</ul>\n<h2>\n Debian Releases and Branches\n</h2>\n<p>\n Debian is maintained in three main branches:\n</p>\n<ul>\n <li>\n  <strong>\n   Stable:\n  </strong>\n  Recommended for production environments, this branch offers well-tested packages with long-term support.\n </li>\n <li>\n  <strong>\n   Testing:\n  </strong>\n  A preview of the next stable release, ideal for users who want newer software while maintaining a reasonable level of stability.\n </li>\n <li>\n  <strong>\n   Unstable (Sid):\n  </strong>\n  The cutting-edge branch where new packages are introduced. Best suited for developers and those who want the latest updates.\n </li>\n</ul>\n<h2>\n Debian-Based Distributions\n</h2>\n<p>\n Debian serves as the upstream source for many popular Linux distributions. Some of the most well-known Debian derivatives include:\n</p>\n<h3>\n Ubuntu\n</h3>\n<p>\n Ubuntu, developed by Canonical, is one of the most widely used Debian-based distributions. It simplifies Debian’s package management, offers frequent releases, and provides strong community and enterprise support. Ubuntu has several official flavors, including:\n</p>\n<ul>\n <li>\n  <strong>\n   Ubuntu Desktop:\n  </strong>\n  Designed for everyday users with a focus on usability.\n </li>\n <li>\n  <strong>\n   Ubuntu Server:\n  </strong>\n  Optimized for cloud and enterprise environments.\n </li>\n <li>\n  <strong>\n   Xubuntu, Lubuntu, Kubuntu:\n  </strong>\n  Variants with different desktop environments.\n </li>\n</ul>\n<h3>\n Linux Mint\n</h3>\n<p>\n Linux Mint builds on Ubuntu (which itself is based on Debian) and aims to provide a user-friendly experience. It features the Cinnamon, MATE, and Xfce desktops and focuses on ease of use.\n</p>\n<h3>\n Raspberry Pi OS\n</h3>\n<p>\n Formerly known as Raspbian, Raspberry Pi OS is a lightweight Debian-based system optimized for Raspberry Pi hardware. It is widely used in education and embedded systems.\n</p>\n<h3>\n MX Linux\n</h3>\n<p>\n MX Linux is a Debian-based distribution known for its lightweight nature and excellent performance on older hardware.\n</p>\n<h2>\n Installation and Package Management\n</h2>\n<p>\n Installing Debian is straightforward with the\n <a href="https://www.debian.org/download">\n  official ISO images\n </a>\n . Once installed, package management is handled through APT:\n</p>\n<pre><code>sudo apt update &amp;&amp; sudo apt upgrade</code></pre>\n<p>\n To install a package, use:\n</p>\n<pre><code>sudo apt install package-name</code></pre>\n<p>\n To remove a package:\n</p>\n<pre><code>sudo apt remove package-name</code></pre>\n<h2>\n Why Choose Debian?\n</h2>\n<p>\n Debian’s flexibility makes it suitable for desktops, servers, and embedded systems. It is the foundation for many other popular distributions, including Ubuntu, Linux Mint, and MX Linux. Whether you need a dependable workstation or a robust server, Debian remains a top choice in the Linux ecosystem.\n</p>\n<p>\n Want to try Debian? Visit the\n <a href="https://www.debian.org/">\n  official Debian website\n </a>\n and explore its features today!\n</p>\n				2025-02-01 14:31:47.676065+01	2025-02-01 14:59:59.979014+01	1	t	2	1	8
7		Complete Guide to Installing and Configuring Nginx on Ubuntu	installing-configuring-nginx-ubuntu	<h2>\n Installing Nginx\n</h2>\n<p>\n First, update your package list and install Nginx:\n</p>\n<pre><code>sudo apt update\r\nsudo apt install nginx</code></pre>\n<h2>\n Verifying Installation\n</h2>\n<p>\n After installation, check if Nginx is running:\n</p>\n<pre><code>sudo systemctl status nginx</code></pre>\n<p>\n Enable Nginx to start on boot:\n</p>\n<pre><code>sudo systemctl enable nginx</code></pre>\n<h2>\n Basic Configuration\n</h2>\n<p>\n The main Nginx configuration file is located at\n <code>\n  /etc/nginx/nginx.conf\n </code>\n . Site-specific configurations go in\n <code>\n  /etc/nginx/sites-available/\n </code>\n .\n</p>\n<h3>\n Creating a New Site Configuration\n</h3>\n<pre><code>sudo nano /etc/nginx/sites-available/mysite</code></pre>\n<p>\n Basic server block configuration:\n</p>\n<pre><code>server {\r\n    listen 80;\r\n    server_name example.com www.example.com;\r\n    root /var/www/mysite;\r\n\r\n    index index.html index.htm;\r\n\r\n    location / {\r\n        try_files $uri $uri/ =404;\r\n    }\r\n}</code></pre>\n<h3>\n Enabling the Site\n</h3>\n<p>\n Create a symbolic link to enable the site:\n</p>\n<pre><code>sudo ln -s /etc/nginx/sites-available/mysite /etc/nginx/sites-enabled/\r\nsudo nginx -t\r\nsudo systemctl restart nginx</code></pre>\n<h2>\n Setting Up SSL with Let's Encrypt\n</h2>\n<p>\n Install Certbot for SSL certificates:\n</p>\n<pre><code>sudo apt install certbot python3-certbot-nginx</code></pre>\n<p>\n Obtain and install certificate:\n</p>\n<pre><code>sudo certbot --nginx -d example.com -d www.example.com</code></pre>\n<p>\n Let's Encrypt certificates expire after 90 days. To ensure your website remains secure, set up automatic renewal:\n</p>\n<pre><code>sudo certbot renew --dry-run # Test the renewal process\r\nsudo systemctl status certbot.timer # Check if the renewal timer is active</code></pre>\n<h2>\n Security Hardening\n</h2>\n<p>\n Add these security headers to your server block:\n</p>\n<pre><code>add_header X-Frame-Options "SAMEORIGIN";\r\nadd_header X-Content-Type-Options "nosniff";\r\nadd_header X-XSS-Protection "1; mode=block";\r\nadd_header Strict-Transport-Security "max-age=31536000";\r\n</code></pre>\n<h2>\n Optimizing Performance\n</h2>\n<p>\n Enable Gzip compression by adding to your configuration:\n</p>\n<pre><code>gzip on;\r\ngzip_types text/plain text/css application/json application/javascript text/xml application/xml;\r\ngzip_min_length 1000;\r\ngzip_comp_level 6;</code></pre>\n<h2>\n Setting Up Caching\n</h2>\n<pre><code>location ~* \\.(jpg|jpeg|png|gif|ico|css|js)$ {\r\n    expires 30d;\r\n    add_header Cache-Control "public, no-transform";\r\n}</code></pre>\n<h2>\n Monitoring Logs\n</h2>\n<p>\n Access logs are located at:\n</p>\n<pre><code>/var/log/nginx/access.log\r\n/var/log/nginx/error.log</code></pre>\n<p>\n Monitor logs in real-time:\n</p>\n<pre><code>sudo tail -f /var/log/nginx/access.log</code></pre>\n	Learn how to install and configure Nginx on Ubuntu, including site setup, SSL configuration, security hardening, and performance optimization. A complete guide for system administrators and developers.	How to Install and Configure Nginx on Ubuntu: Complete Guide	Step-by-step tutorial on installing and configuring Nginx web server on Ubuntu, covering SSL setup, security hardening, performance optimization, and basic trou	2025-02-02 10:11:51.135865+01	2025-02-02 10:35:55.705792+01	1	f	4	1	10
8		Mastering Terminal Search: Find Files, Text, and Commands Like a Pro	mastering-terminal-search	<h1>\n Mastering Terminal Search: Find Files, Text, and Commands Like a Pro\n</h1>\n<p>\n Searching efficiently in the terminal is a crucial skill for Linux users and developers. Whether you're looking for a lost file, searching inside text files, or retrieving past commands, mastering terminal search commands will save you time and frustration.\n</p>\n<h2>\n 1. Searching for Files and Directories\n</h2>\n<h3>\n Using the\n <code>\n  find\n </code>\n Command\n</h3>\n<p>\n The\n <code>\n  find\n </code>\n command is the most powerful way to locate files and directories based on their name, type, or modification date.\n</p>\n<h4>\n Find a file by name\n</h4>\n<pre><code>find ~/Documents -name "myfile.txt"</code></pre>\n<h4>\n Find a file anywhere on the system\n</h4>\n<pre><code>sudo find / -name "myfile.txt"</code></pre>\n<p>\n This command searches the entire filesystem. Use\n <code>\n  sudo\n </code>\n if searching system directories.\n</p>\n<h4>\n Find a directory\n</h4>\n<pre><code>find ~/ -type d -name "myfolder"</code></pre>\n<p>\n The\n <code>\n  -type d\n </code>\n flag ensures only directories are matched.\n</p>\n<h2>\n 2. Searching for Text Inside Files\n</h2>\n<h3>\n Using the\n <code>\n  grep\n </code>\n Command\n</h3>\n<p>\n If you need to find a specific word inside a file,\n <code>\n  grep\n </code>\n is your best friend.\n</p>\n<h4>\n Search for a word inside a file\n</h4>\n<pre><code>grep "error" /var/log/syslog</code></pre>\n<h4>\n Search for a word in all files within a directory\n</h4>\n<pre><code>grep -r "TODO" ~/Projects</code></pre>\n<p>\n The\n <code>\n  -r\n </code>\n flag enables recursive searching in subdirectories.\n</p>\n<h2>\n 3. Searching Command History\n</h2>\n<h3>\n Using\n <code>\n  Ctrl + R\n </code>\n for Reverse Search\n</h3>\n<p>\n If you’ve run a command before but forgot it, you can quickly find it using:\n</p>\n<pre><code>Ctrl + R</code></pre>\n<p>\n Start typing, and it will show matching commands from your history. Press\n <code>\n  Enter\n </code>\n to execute or\n <code>\n  Ctrl + C\n </code>\n to cancel.\n</p>\n<h3>\n Using\n <code>\n  history\n </code>\n and\n <code>\n  grep\n </code>\n</h3>\n<pre><code>history | grep "ssh-keygen"</code></pre>\n<p>\n This filters past commands containing "ssh-keygen".\n</p>\n<h2>\n 4. Finding Running Processes\n</h2>\n<h3>\n Using\n <code>\n  ps\n </code>\n and\n <code>\n  grep\n </code>\n</h3>\n<pre><code>ps aux | grep "firefox"</code></pre>\n<p>\n This helps find process IDs (PIDs) to terminate unresponsive applications.\n</p>\n<h2>\n Conclusion\n</h2>\n<p>\n Mastering terminal search commands like\n <code>\n  find\n </code>\n ,\n <code>\n  grep\n </code>\n , and\n <code>\n  Ctrl + R\n </code>\n can significantly improve your efficiency. Start using these techniques today and take your command-line skills to the next level!\n</p>\n	Learn how to efficiently search for files, directories, and text inside files using powerful terminal commands like find, grep, and Ctrl + R.	Mastering Terminal Search: Find Files, Text, and Commands Like a Pro	Discover the best terminal search techniques using find, grep, and history search. Learn how to find files, directories, and text in Linux efficiently.	2025-02-02 10:54:11.87005+01	2025-02-02 10:54:27.998281+01	1	f	2	1	8
9		Enhancing Window Management on GNOME Shell	enhancing-window-management-on-gnome-shell	<h2>\n Enhancing Window Management on GNOME Shell 42.9\n</h2>\n<p>\n GNOME Shell 42.9 provides a sleek and modern desktop environment, but its default window management capabilities can be limiting. Fortunately, there are several ways to improve window positioning, from built-in shortcuts to extensions that bring advanced tiling features.\n</p>\n<h3>\n 1. Built-in Keyboard Shortcuts\n</h3>\n<p>\n GNOME includes essential window management shortcuts:\n</p>\n<ul>\n <li>\n  <strong>\n   Super + Up\n  </strong>\n  → Maximize Window\n </li>\n <li>\n  <strong>\n   Super + Down\n  </strong>\n  → Restore / Minimize Window\n </li>\n <li>\n  <strong>\n   Super + Left\n  </strong>\n  → Snap to Left Half\n </li>\n <li>\n  <strong>\n   Super + Right\n  </strong>\n  → Snap to Right Half\n </li>\n <li>\n  <strong>\n   Super + Shift + Left/Right\n  </strong>\n  → Move Window Between Monitors\n </li>\n</ul>\n<h3>\n 2. Mouse-Based Window Management\n</h3>\n<p>\n If you prefer using the mouse, GNOME allows:\n</p>\n<ul>\n <li>\n  <strong>\n   Super + Drag\n  </strong>\n  → Move window\n </li>\n <li>\n  <strong>\n   Super + Right-Click &amp; Drag\n  </strong>\n  → Resize window\n </li>\n</ul>\n<h3>\n 3. Enhancing GNOME with Extensions\n</h3>\n<p>\n For more advanced window management, try these extensions:\n</p>\n<h4>\n Tiling Assistant\n</h4>\n<p>\n Enhances GNOME with quarter tiling and improved snap-to-grid behavior. Install it from\n <a href="https://extensions.gnome.org/">\n  GNOME Extensions\n </a>\n .\n</p>\n<h4>\n Put Windows Extension\n</h4>\n<p>\n Allows precise window placement using custom keyboard shortcuts. Install it via:\n</p>\n<pre><code>sudo apt install gnome-shell-extensions</code></pre>\n<h4>\n Pop Shell\n</h4>\n<p>\n Brings auto-tiling, similar to tiling window managers like i3. Install it with:\n</p>\n<pre><code>git clone https://github.com/pop-os/shell.git\r\ncd shell\r\nmake &amp;&amp; make install</code></pre>\n<h3>\n Conclusion\n</h3>\n<p>\n While GNOME’s default window management is basic, you can greatly enhance your workflow using keyboard shortcuts, mouse actions, and extensions like Tiling Assistant, Put Windows, and Pop Shell.\n</p>\n<p>\n Do you have a favorite GNOME window management trick? Share it in the comments!\n</p>\n	Improve your GNOME Shell 42.9 experience with better window management using keyboard shortcuts, mouse actions, and powerful extensions like Tiling Assistant and Pop Shell.	Enhancing Window Management on GNOME Shell  Linux Tips	Learn how to improve window management in GNOME Shell using built-in shortcuts, mouse gestures, and powerful extensions like Tiling Assistant and Pop Shell	2025-02-03 06:52:57.468133+01	2025-02-03 06:53:19.082712+01	1	f	1	1	8
\.


--
-- Data for Name: cms_post_tags; Type: TABLE DATA; Schema: public; Owner: mladjo
--

COPY public.cms_post_tags (id, post_id, tag_id) FROM stdin;
1	1	1
2	1	2
3	1	3
4	2	1
5	2	3
6	2	6
7	2	7
8	2	8
9	2	9
10	2	10
11	2	11
12	3	12
13	3	13
14	3	14
15	3	15
16	3	16
17	3	17
18	3	18
19	3	19
20	3	20
21	3	21
22	4	2
23	5	2
24	6	7
25	6	22
26	6	23
27	6	24
28	6	25
29	6	26
30	7	22
31	7	24
32	7	27
33	7	28
34	7	29
35	7	30
36	7	31
37	8	32
38	8	9
39	8	33
40	9	32
41	9	34
\.


--
-- Data for Name: cms_tag; Type: TABLE DATA; Schema: public; Owner: mladjo
--

COPY public.cms_tag (id, name, slug, meta_title, meta_description, view_count) FROM stdin;
12	react	react			0
13	typography	typography			0
14	css	css			0
15	web-development	web-development			0
16	design-tools	design-tools			0
17	open-source	open-source			0
18	javascript	javascript			0
19	frontend	frontend			0
20	design-systems	design-systems			0
21	developer-tools	developer-tools			0
22	ubuntu	ubuntu			0
23	ssh	ssh			0
24	security	security			0
25	remote-access	remote-access			0
26	linux-server	linux-server			0
11	development-tools	development-tools	Development Tools: Software Engineering Resources & Guides	Explore essential development tools and resources for modern software engineering, including IDEs, version control, testing frameworks, and productivity tools.	0
10	database-management	database-management	Database Management: Complete Guide & Best Practices	Comprehensive resources on database management, including administration, optimization, security, and maintenance strategies for modern databases.	0
9	command-line	command-line	Command Line Tools & Terminal Usage Guide	Learn essential command line skills, terminal usage, and CLI tools for efficient system administration and development workflows.	0
8	devops	devops	DevOps: Tools, Practices & Infrastructure Automation	Explore DevOps methodologies, tools, and practices for continuous integration, deployment, and infrastructure automation in modern software development.	0
7	system-administration	system-administration	System Administration: Server Management & IT Infrastructure	Expert guides on system administration, covering server management, infrastructure maintenance, security, and best practices for IT professionals.	0
6	sql	sql	SQL Programming: Learn Database Query Language & Skills	SQL programming with tutorials, examples, and best practices. From basic queries to advanced database operations for developers and database administrators.	0
3	database	database	Database Systems: Complete Guide to Modern Data Management	Discover comprehensive resources on database systems, including relational and NoSQL databases, optimization techniques, and best practices for data management.	0
2	debian	debian			0
1	postgresql	postgresql	PostgreSQL Database: Tutorials, Tips & Best Practices	Learn everything about PostgreSQL database management, from basic setup to advanced features, performance optimization, and real-world implementation strategies	0
27	nginx	nginx			0
28	web-server	web-server			0
29	ssl	ssl			0
30	performance	performance			0
31	server-configuration	server-configuration			0
32	linux	linux			0
33	terminal	terminal			0
34	gnome	gnome			0
\.


--
-- Data for Name: django_admin_log; Type: TABLE DATA; Schema: public; Owner: mladjo
--

COPY public.django_admin_log (id, action_time, object_id, object_repr, action_flag, change_message, content_type_id, user_id) FROM stdin;
1	2025-01-30 08:58:25.740352+01	1	Database Management	1	[{"added": {}}]	7	1
2	2025-01-30 08:59:04.819161+01	1	PostgreSQL	1	[{"added": {}}]	10	1
3	2025-01-30 08:59:14.105363+01	2	Debian	1	[{"added": {}}]	10	1
4	2025-01-30 08:59:23.707759+01	3	Database	1	[{"added": {}}]	10	1
5	2025-01-30 08:59:32.980789+01	4	Setup	1	[{"added": {}}]	10	1
6	2025-01-30 08:59:42.923818+01	5	Configuration	1	[{"added": {}}]	10	1
7	2025-01-30 09:00:12.175233+01	1	About	1	[{"added": {}}]	9	1
8	2025-01-30 09:00:27.607872+01	1	About	2	[{"changed": {"fields": ["Status"]}}]	9	1
9	2025-01-30 09:02:36.775774+01	1	Install PostgreSQL on Debian	1	[{"added": {}}]	11	1
10	2025-01-30 09:04:30.492141+01	1	Install PostgreSQL on Debian	2	[{"changed": {"fields": ["content", "Excerpt", "Meta Title", "Meta Description", "Status", "Is Featured"]}}]	11	1
11	2025-01-30 09:04:55.661713+01	1	Install PostgreSQL on Debian	2	[{"changed": {"fields": ["content", "Featured Image"]}}]	11	1
12	2025-01-30 09:12:56.908679+01	6	SQL	1	[{"added": {}}]	10	1
13	2025-01-30 09:13:16.923037+01	7	System Administration	1	[{"added": {}}]	10	1
14	2025-01-30 09:13:23.308143+01	8	DevOps	1	[{"added": {}}]	10	1
15	2025-01-30 09:13:37.400516+01	9	Command Line	1	[{"added": {}}]	10	1
16	2025-01-30 09:13:54.417328+01	10	Database Management	1	[{"added": {}}]	10	1
17	2025-01-30 09:14:05.410483+01	11	Development Tools	1	[{"added": {}}]	10	1
18	2025-01-30 09:14:27.1289+01	2	Database Administration	1	[{"added": {}}]	7	1
19	2025-01-30 09:14:46.711949+01	2	Essential PostgreSQL Commands Guide	1	[{"added": {}}]	11	1
20	2025-01-30 09:15:25.73142+01	1	Install PostgreSQL on Debian	2	[{"changed": {"fields": ["content", "Category"]}}]	11	1
21	2025-01-30 09:18:33.521997+01	2	Essential PostgreSQL Commands Guide	2	[{"changed": {"fields": ["content", "Excerpt"]}}]	11	1
22	2025-01-30 09:22:00.717495+01	2	Database Administration	2	[{"changed": {"fields": ["Meta Title", "Meta Description"]}}]	7	1
23	2025-01-30 09:23:15.092713+01	1	PostgreSQL	2	[{"changed": {"fields": ["Meta Title", "Meta Description"]}}]	10	1
24	2025-01-30 09:23:50.569658+01	3	Database	2	[{"changed": {"fields": ["Meta Title", "Meta Description"]}}]	10	1
25	2025-01-30 09:25:34.187959+01	6	SQL	2	[{"changed": {"fields": ["Meta Title", "Meta Description"]}}]	10	1
26	2025-01-30 09:26:58.227645+01	7	System Administration	2	[{"changed": {"fields": ["Meta Title", "Meta Description"]}}]	10	1
27	2025-01-30 09:27:17.312347+01	8	DevOps	2	[{"changed": {"fields": ["Meta Title", "Meta Description"]}}]	10	1
28	2025-01-30 09:27:43.723634+01	9	Command Line	2	[{"changed": {"fields": ["Meta Title", "Meta Description"]}}]	10	1
29	2025-01-30 09:28:07.686914+01	10	Database Management	2	[{"changed": {"fields": ["Meta Title", "Meta Description"]}}]	10	1
30	2025-01-30 09:28:39.378083+01	11	Development Tools	2	[{"changed": {"fields": ["Meta Title", "Meta Description"]}}]	10	1
31	2025-01-30 09:47:30.311137+01	1	Database Management	3		7	1
32	2025-01-30 09:57:25.447942+01	1	Install PostgreSQL on Debian	2	[{"changed": {"fields": ["content"]}}]	11	1
33	2025-01-30 09:57:57.244059+01	1	Install PostgreSQL on Debian	2	[{"changed": {"fields": ["content"]}}]	11	1
34	2025-01-30 10:09:06.157897+01	1	Install PostgreSQL on Debian	2	[{"changed": {"fields": ["content"]}}]	11	1
35	2025-01-30 10:43:53.965278+01	2	Essential PostgreSQL Commands Guide	2	[{"changed": {"fields": ["content"]}}]	11	1
36	2025-01-30 10:49:33.626119+01	2	Essential PostgreSQL Commands Guide	2	[{"changed": {"fields": ["content", "Featured Image"]}}]	11	1
37	2025-01-30 10:50:12.369103+01	1	Install PostgreSQL on Debian	2	[{"changed": {"fields": ["content", "Featured Image"]}}]	11	1
38	2025-01-30 10:50:37.46542+01	1	Install PostgreSQL on Debian	2	[{"changed": {"fields": ["content", "Featured Image"]}}]	11	1
39	2025-01-30 10:51:10.038977+01	1	Install PostgreSQL on Debian	2	[{"changed": {"fields": ["content", "Featured Image"]}}]	11	1
40	2025-01-30 10:53:22.284964+01	1	Install PostgreSQL on Debian	2	[{"changed": {"fields": ["content", "Featured Image"]}}]	11	1
41	2025-01-30 10:56:48.392182+01	1	Install PostgreSQL on Debian	2	[{"changed": {"fields": ["content", "Featured Image"]}}]	11	1
42	2025-01-30 11:08:12.945941+01	1	Install PostgreSQL on Debian	2	[{"changed": {"fields": ["content", "Featured Image"]}}]	11	1
43	2025-01-30 11:08:27.927804+01	1	Install PostgreSQL on Debian	2	[{"changed": {"fields": ["content", "Featured Image"]}}]	11	1
44	2025-01-30 11:08:40.008535+01	1	Install PostgreSQL on Debian	2	[{"changed": {"fields": ["content", "Featured Image"]}}]	11	1
45	2025-01-30 11:19:02.659811+01	2	Essential PostgreSQL Commands Guide	2	[{"changed": {"fields": ["content", "Featured Image"]}}]	11	1
46	2025-01-30 11:19:25.003008+01	2	Essential PostgreSQL Commands Guide	2	[{"changed": {"fields": ["content", "Featured Image"]}}]	11	1
47	2025-01-30 11:19:31.959203+01	2	Essential PostgreSQL Commands Guide	2	[{"changed": {"fields": ["content", "Featured Image"]}}]	11	1
48	2025-01-30 11:19:44.278237+01	2	Essential PostgreSQL Commands Guide	2	[{"changed": {"fields": ["content", "Featured Image"]}}]	11	1
49	2025-01-30 11:20:10.422177+01	2	Essential PostgreSQL Commands Guide	2	[{"changed": {"fields": ["content", "Featured Image"]}}]	11	1
50	2025-01-30 11:20:50.458653+01	2	Essential PostgreSQL Commands Guide	2	[{"changed": {"fields": ["content", "Featured Image"]}}]	11	1
51	2025-02-01 13:17:53.836051+01	3	Development	1	[{"added": {}}]	7	1
52	2025-02-01 13:21:54.139817+01	4	Design	1	[{"added": {}}]	7	1
53	2025-02-01 13:22:06.279645+01	5	Web Development	1	[{"added": {}}]	7	1
54	2025-02-01 13:22:17.532391+01	6	Frontend Development	1	[{"added": {}}]	7	1
55	2025-02-01 13:22:41.027083+01	7	react	1	[{"added": {}}]	7	1
56	2025-02-01 13:23:05.63267+01	7	react	3		7	1
57	2025-02-01 13:24:00.94112+01	12	react	1	[{"added": {}}]	10	1
58	2025-02-01 13:24:14.187105+01	13	typography	1	[{"added": {}}]	10	1
59	2025-02-01 13:24:24.493863+01	14	css	1	[{"added": {}}]	10	1
60	2025-02-01 13:25:36.787891+01	15	web-development	1	[{"added": {}}]	10	1
61	2025-02-01 13:25:49.862946+01	16	design-tools	1	[{"added": {}}]	10	1
62	2025-02-01 13:26:08.98316+01	17	open-source	1	[{"added": {}}]	10	1
63	2025-02-01 13:26:22.053356+01	18	javascript	1	[{"added": {}}]	10	1
64	2025-02-01 13:26:50.80578+01	19	frontend	1	[{"added": {}}]	10	1
65	2025-02-01 13:27:06.528696+01	20	design-systems	1	[{"added": {}}]	10	1
66	2025-02-01 13:27:24.813889+01	21	developer-tools	1	[{"added": {}}]	10	1
67	2025-02-01 13:27:27.816313+01	3	Typography Generator: A React Tool for Creating Harmonious Type Systems	1	[{"added": {}}]	11	1
68	2025-02-01 13:27:43.99487+01	3	Typography Generator: A React Tool for Creating Harmonious Type Systems	2	[{"changed": {"fields": ["content", "Status", "Is Featured"]}}]	11	1
69	2025-02-01 13:28:50.525293+01	3	Typography Generator: A React Tool for Creating Harmonious Type Systems	2	[{"changed": {"fields": ["content", "Excerpt", "Meta Title", "Meta Description"]}}]	11	1
70	2025-02-01 13:30:44.718659+01	3	Typography Generator: A React Tool for Creating Harmonious Type Systems	2	[{"changed": {"fields": ["Slug", "content"]}}]	11	1
71	2025-02-01 13:41:16.589607+01	3	Typography Generator: A React Tool for Creating Harmonious Type Systems	2	[{"changed": {"fields": ["content"]}}]	11	1
72	2025-02-01 13:57:41.514069+01	4	Installing Nginx on Ubuntu	1	[{"added": {}}]	11	1
73	2025-02-01 14:00:53.678632+01	4	Installing Nginx on Ubuntu	2	[{"changed": {"fields": ["content", "Status"]}}]	11	1
74	2025-02-01 14:31:42.512765+01	8	Linux	1	[{"added": {}}]	7	1
75	2025-02-01 14:31:47.686848+01	5	Debian and Its Influence: The Universal Operating System	1	[{"added": {}}]	11	1
76	2025-02-01 14:32:03.198276+01	5	Debian and Its Influence: The Universal Operating System	2	[{"changed": {"fields": ["content", "Status", "Is Featured"]}}]	11	1
77	2025-02-01 15:00:00.42727+01	5	Debian and Its Influence: The Universal Operating System	2	[{"changed": {"fields": ["content", "Featured Image"]}}]	11	1
78	2025-02-01 15:09:53.588817+01	3	Typography Generator: A  Tool for Creating Harmonious Type Systems	2	[{"changed": {"fields": ["Title", "content", "Featured Image"]}}]	11	1
79	2025-02-02 10:01:22.869488+01	9	Linux Administration	1	[{"added": {}}]	7	1
80	2025-02-02 10:01:49.214032+01	22	ubuntu	1	[{"added": {}}]	10	1
81	2025-02-02 10:02:04.192496+01	23	ssh	1	[{"added": {}}]	10	1
82	2025-02-02 10:02:14.484909+01	24	security	1	[{"added": {}}]	10	1
83	2025-02-02 10:02:32.206309+01	25	remote-access	1	[{"added": {}}]	10	1
84	2025-02-02 10:02:47.271618+01	26	linux-server	1	[{"added": {}}]	10	1
85	2025-02-02 10:03:41.287898+01	6	How to Set Up SSH Server on Ubuntu	1	[{"added": {}}]	11	1
86	2025-02-02 10:04:08.008073+01	7	system administration	2	[{"changed": {"fields": ["Tag Name"]}}]	10	1
87	2025-02-02 10:05:39.232882+01	6	How to Set Up SSH Server on Ubuntu	2	[{"changed": {"fields": ["content", "Excerpt", "Meta Title", "Meta Description", "Status"]}}]	11	1
88	2025-02-02 10:10:00.649876+01	6	How to Set Up SSH Server on Ubuntu	2	[{"changed": {"fields": ["content"]}}]	11	1
89	2025-02-02 10:11:16.647166+01	10	Web Servers	1	[{"added": {}}]	7	1
90	2025-02-02 10:11:51.141411+01	7	Complete Guide to Installing and Configuring Nginx on Ubuntu	1	[{"added": {}}]	11	1
91	2025-02-02 10:12:15.424821+01	5	Configuration	3		10	1
92	2025-02-02 10:12:15.424895+01	4	Setup	3		10	1
93	2025-02-02 10:13:07.244259+01	11	development-tools	2	[{"changed": {"fields": ["Tag Name"]}}]	10	1
94	2025-02-02 10:13:17.135802+01	10	database-management	2	[{"changed": {"fields": ["Tag Name"]}}]	10	1
95	2025-02-02 10:13:26.727325+01	9	command-line	2	[{"changed": {"fields": ["Tag Name"]}}]	10	1
96	2025-02-02 10:13:35.133571+01	8	devops	2	[{"changed": {"fields": ["Tag Name"]}}]	10	1
97	2025-02-02 10:13:45.936631+01	7	system-administration	2	[{"changed": {"fields": ["Tag Name"]}}]	10	1
98	2025-02-02 10:13:54.170431+01	6	sql	2	[{"changed": {"fields": ["Tag Name"]}}]	10	1
99	2025-02-02 10:14:01.756007+01	3	database	2	[{"changed": {"fields": ["Tag Name"]}}]	10	1
100	2025-02-02 10:14:08.842058+01	2	debian	2	[{"changed": {"fields": ["Tag Name"]}}]	10	1
101	2025-02-02 10:14:17.333814+01	1	postgresql	2	[{"changed": {"fields": ["Tag Name"]}}]	10	1
102	2025-02-02 10:15:06.130186+01	7	Complete Guide to Installing and Configuring Nginx on Ubuntu	2	[{"changed": {"fields": ["content", "Meta Title", "Meta Description", "Status"]}}]	11	1
103	2025-02-02 10:15:25.063397+01	27	nginx	1	[{"added": {}}]	10	1
104	2025-02-02 10:16:23.811953+01	28	web-server	1	[{"added": {}}]	10	1
105	2025-02-02 10:16:35.335022+01	29	ssl	1	[{"added": {}}]	10	1
106	2025-02-02 10:17:21.603864+01	30	performance	1	[{"added": {}}]	10	1
107	2025-02-02 10:17:36.328553+01	31	server-configuration	1	[{"added": {}}]	10	1
108	2025-02-02 10:17:40.009944+01	7	Complete Guide to Installing and Configuring Nginx on Ubuntu	2	[{"changed": {"fields": ["content", "Tags"]}}]	11	1
109	2025-02-02 10:35:55.715596+01	7	Complete Guide to Installing and Configuring Nginx on Ubuntu	2	[{"changed": {"fields": ["content"]}}]	11	1
110	2025-02-02 10:52:11.291003+01	32	linux	1	[{"added": {}}]	10	1
111	2025-02-02 10:52:20.75076+01	33	terminal	1	[{"added": {}}]	10	1
112	2025-02-02 10:54:11.875936+01	8	Mastering Terminal Search: Find Files, Text, and Commands Like a Pro	1	[{"added": {}}]	11	1
113	2025-02-02 10:54:28.00191+01	8	Mastering Terminal Search: Find Files, Text, and Commands Like a Pro	2	[{"changed": {"fields": ["content", "Status"]}}]	11	1
114	2025-02-03 06:51:54.516171+01	34	gnome	1	[{"added": {}}]	10	1
115	2025-02-03 06:52:57.474672+01	9	Enhancing Window Management on GNOME Shell	1	[{"added": {}}]	11	1
116	2025-02-03 06:53:19.086854+01	9	Enhancing Window Management on GNOME Shell	2	[{"changed": {"fields": ["content", "Status"]}}]	11	1
117	2025-02-03 08:30:31.064761+01	1	About	2	[{"changed": {"fields": ["Content", "Meta Title", "Meta Description"]}}]	9	1
118	2025-02-03 08:30:42.597769+01	1	About	2	[]	9	1
\.


--
-- Data for Name: django_content_type; Type: TABLE DATA; Schema: public; Owner: mladjo
--

COPY public.django_content_type (id, app_label, model) FROM stdin;
1	admin	logentry
2	auth	permission
3	auth	group
4	auth	user
5	contenttypes	contenttype
6	sessions	session
7	cms	category
8	cms	contactmessage
9	cms	page
10	cms	tag
11	cms	post
\.


--
-- Data for Name: django_migrations; Type: TABLE DATA; Schema: public; Owner: mladjo
--

COPY public.django_migrations (id, app, name, applied) FROM stdin;
1	contenttypes	0001_initial	2025-01-30 08:57:06.360197+01
2	auth	0001_initial	2025-01-30 08:57:06.475433+01
3	admin	0001_initial	2025-01-30 08:57:06.526159+01
4	admin	0002_logentry_remove_auto_add	2025-01-30 08:57:06.550291+01
5	admin	0003_logentry_add_action_flag_choices	2025-01-30 08:57:06.572184+01
6	contenttypes	0002_remove_content_type_name	2025-01-30 08:57:06.610573+01
7	auth	0002_alter_permission_name_max_length	2025-01-30 08:57:06.629754+01
8	auth	0003_alter_user_email_max_length	2025-01-30 08:57:06.645743+01
9	auth	0004_alter_user_username_opts	2025-01-30 08:57:06.658447+01
10	auth	0005_alter_user_last_login_null	2025-01-30 08:57:06.673096+01
11	auth	0006_require_contenttypes_0002	2025-01-30 08:57:06.675405+01
12	auth	0007_alter_validators_add_error_messages	2025-01-30 08:57:06.68671+01
13	auth	0008_alter_user_username_max_length	2025-01-30 08:57:06.705005+01
14	auth	0009_alter_user_last_name_max_length	2025-01-30 08:57:06.717309+01
15	auth	0010_alter_group_name_max_length	2025-01-30 08:57:06.732308+01
16	auth	0011_update_proxy_permissions	2025-01-30 08:57:06.746558+01
17	auth	0012_alter_user_first_name_max_length	2025-01-30 08:57:06.757822+01
18	cms	0001_initial	2025-01-30 08:57:06.901054+01
19	sessions	0001_initial	2025-01-30 08:57:06.925268+01
20	cms	0002_category_featured_image	2025-01-30 09:44:20.16992+01
\.


--
-- Data for Name: django_session; Type: TABLE DATA; Schema: public; Owner: mladjo
--

COPY public.django_session (session_key, session_data, expire_date) FROM stdin;
2zvti9ni36pgws8cw4h17c0hlcoe708h	.eJxVjMsOwiAQRf-FtSE4PASX7vsNZBgGqRqalHZl_HfbpAvdnnPufYuI61Lj2nmOYxZXcRanX5aQntx2kR_Y7pOkqS3zmOSeyMN2OUyZX7ej_Tuo2Ou2dg6sNiUBGuWcDWQNByyQLEFg0Mj-gpSV9h69siUFhxsp2RBoj0p8vtSwN9c:1tdPQq:kWWyXrhbZalJq4CBE5MfDyDa-stGdNFEYYdgMqkNe3M	2025-02-13 08:57:48.996396+01
\.


--
-- Name: auth_group_id_seq; Type: SEQUENCE SET; Schema: public; Owner: mladjo
--

SELECT pg_catalog.setval('public.auth_group_id_seq', 1, false);


--
-- Name: auth_group_permissions_id_seq; Type: SEQUENCE SET; Schema: public; Owner: mladjo
--

SELECT pg_catalog.setval('public.auth_group_permissions_id_seq', 1, false);


--
-- Name: auth_permission_id_seq; Type: SEQUENCE SET; Schema: public; Owner: mladjo
--

SELECT pg_catalog.setval('public.auth_permission_id_seq', 44, true);


--
-- Name: auth_user_groups_id_seq; Type: SEQUENCE SET; Schema: public; Owner: mladjo
--

SELECT pg_catalog.setval('public.auth_user_groups_id_seq', 1, false);


--
-- Name: auth_user_id_seq; Type: SEQUENCE SET; Schema: public; Owner: mladjo
--

SELECT pg_catalog.setval('public.auth_user_id_seq', 1, true);


--
-- Name: auth_user_user_permissions_id_seq; Type: SEQUENCE SET; Schema: public; Owner: mladjo
--

SELECT pg_catalog.setval('public.auth_user_user_permissions_id_seq', 1, false);


--
-- Name: cms_category_id_seq; Type: SEQUENCE SET; Schema: public; Owner: mladjo
--

SELECT pg_catalog.setval('public.cms_category_id_seq', 10, true);


--
-- Name: cms_contactmessage_id_seq; Type: SEQUENCE SET; Schema: public; Owner: mladjo
--

SELECT pg_catalog.setval('public.cms_contactmessage_id_seq', 1, false);


--
-- Name: cms_page_id_seq; Type: SEQUENCE SET; Schema: public; Owner: mladjo
--

SELECT pg_catalog.setval('public.cms_page_id_seq', 1, true);


--
-- Name: cms_post_id_seq; Type: SEQUENCE SET; Schema: public; Owner: mladjo
--

SELECT pg_catalog.setval('public.cms_post_id_seq', 9, true);


--
-- Name: cms_post_tags_id_seq; Type: SEQUENCE SET; Schema: public; Owner: mladjo
--

SELECT pg_catalog.setval('public.cms_post_tags_id_seq', 41, true);


--
-- Name: cms_tag_id_seq; Type: SEQUENCE SET; Schema: public; Owner: mladjo
--

SELECT pg_catalog.setval('public.cms_tag_id_seq', 34, true);


--
-- Name: django_admin_log_id_seq; Type: SEQUENCE SET; Schema: public; Owner: mladjo
--

SELECT pg_catalog.setval('public.django_admin_log_id_seq', 118, true);


--
-- Name: django_content_type_id_seq; Type: SEQUENCE SET; Schema: public; Owner: mladjo
--

SELECT pg_catalog.setval('public.django_content_type_id_seq', 11, true);


--
-- Name: django_migrations_id_seq; Type: SEQUENCE SET; Schema: public; Owner: mladjo
--

SELECT pg_catalog.setval('public.django_migrations_id_seq', 20, true);


--
-- Name: auth_group auth_group_name_key; Type: CONSTRAINT; Schema: public; Owner: mladjo
--

ALTER TABLE ONLY public.auth_group
    ADD CONSTRAINT auth_group_name_key UNIQUE (name);


--
-- Name: auth_group_permissions auth_group_permissions_group_id_permission_id_0cd325b0_uniq; Type: CONSTRAINT; Schema: public; Owner: mladjo
--

ALTER TABLE ONLY public.auth_group_permissions
    ADD CONSTRAINT auth_group_permissions_group_id_permission_id_0cd325b0_uniq UNIQUE (group_id, permission_id);


--
-- Name: auth_group_permissions auth_group_permissions_pkey; Type: CONSTRAINT; Schema: public; Owner: mladjo
--

ALTER TABLE ONLY public.auth_group_permissions
    ADD CONSTRAINT auth_group_permissions_pkey PRIMARY KEY (id);


--
-- Name: auth_group auth_group_pkey; Type: CONSTRAINT; Schema: public; Owner: mladjo
--

ALTER TABLE ONLY public.auth_group
    ADD CONSTRAINT auth_group_pkey PRIMARY KEY (id);


--
-- Name: auth_permission auth_permission_content_type_id_codename_01ab375a_uniq; Type: CONSTRAINT; Schema: public; Owner: mladjo
--

ALTER TABLE ONLY public.auth_permission
    ADD CONSTRAINT auth_permission_content_type_id_codename_01ab375a_uniq UNIQUE (content_type_id, codename);


--
-- Name: auth_permission auth_permission_pkey; Type: CONSTRAINT; Schema: public; Owner: mladjo
--

ALTER TABLE ONLY public.auth_permission
    ADD CONSTRAINT auth_permission_pkey PRIMARY KEY (id);


--
-- Name: auth_user_groups auth_user_groups_pkey; Type: CONSTRAINT; Schema: public; Owner: mladjo
--

ALTER TABLE ONLY public.auth_user_groups
    ADD CONSTRAINT auth_user_groups_pkey PRIMARY KEY (id);


--
-- Name: auth_user_groups auth_user_groups_user_id_group_id_94350c0c_uniq; Type: CONSTRAINT; Schema: public; Owner: mladjo
--

ALTER TABLE ONLY public.auth_user_groups
    ADD CONSTRAINT auth_user_groups_user_id_group_id_94350c0c_uniq UNIQUE (user_id, group_id);


--
-- Name: auth_user auth_user_pkey; Type: CONSTRAINT; Schema: public; Owner: mladjo
--

ALTER TABLE ONLY public.auth_user
    ADD CONSTRAINT auth_user_pkey PRIMARY KEY (id);


--
-- Name: auth_user_user_permissions auth_user_user_permissions_pkey; Type: CONSTRAINT; Schema: public; Owner: mladjo
--

ALTER TABLE ONLY public.auth_user_user_permissions
    ADD CONSTRAINT auth_user_user_permissions_pkey PRIMARY KEY (id);


--
-- Name: auth_user_user_permissions auth_user_user_permissions_user_id_permission_id_14a6b632_uniq; Type: CONSTRAINT; Schema: public; Owner: mladjo
--

ALTER TABLE ONLY public.auth_user_user_permissions
    ADD CONSTRAINT auth_user_user_permissions_user_id_permission_id_14a6b632_uniq UNIQUE (user_id, permission_id);


--
-- Name: auth_user auth_user_username_key; Type: CONSTRAINT; Schema: public; Owner: mladjo
--

ALTER TABLE ONLY public.auth_user
    ADD CONSTRAINT auth_user_username_key UNIQUE (username);


--
-- Name: cms_category cms_category_pkey; Type: CONSTRAINT; Schema: public; Owner: mladjo
--

ALTER TABLE ONLY public.cms_category
    ADD CONSTRAINT cms_category_pkey PRIMARY KEY (id);


--
-- Name: cms_category cms_category_slug_key; Type: CONSTRAINT; Schema: public; Owner: mladjo
--

ALTER TABLE ONLY public.cms_category
    ADD CONSTRAINT cms_category_slug_key UNIQUE (slug);


--
-- Name: cms_contactmessage cms_contactmessage_pkey; Type: CONSTRAINT; Schema: public; Owner: mladjo
--

ALTER TABLE ONLY public.cms_contactmessage
    ADD CONSTRAINT cms_contactmessage_pkey PRIMARY KEY (id);


--
-- Name: cms_page cms_page_pkey; Type: CONSTRAINT; Schema: public; Owner: mladjo
--

ALTER TABLE ONLY public.cms_page
    ADD CONSTRAINT cms_page_pkey PRIMARY KEY (id);


--
-- Name: cms_page cms_page_slug_key; Type: CONSTRAINT; Schema: public; Owner: mladjo
--

ALTER TABLE ONLY public.cms_page
    ADD CONSTRAINT cms_page_slug_key UNIQUE (slug);


--
-- Name: cms_page cms_page_title_key; Type: CONSTRAINT; Schema: public; Owner: mladjo
--

ALTER TABLE ONLY public.cms_page
    ADD CONSTRAINT cms_page_title_key UNIQUE (title);


--
-- Name: cms_post cms_post_pkey; Type: CONSTRAINT; Schema: public; Owner: mladjo
--

ALTER TABLE ONLY public.cms_post
    ADD CONSTRAINT cms_post_pkey PRIMARY KEY (id);


--
-- Name: cms_post cms_post_slug_key; Type: CONSTRAINT; Schema: public; Owner: mladjo
--

ALTER TABLE ONLY public.cms_post
    ADD CONSTRAINT cms_post_slug_key UNIQUE (slug);


--
-- Name: cms_post_tags cms_post_tags_pkey; Type: CONSTRAINT; Schema: public; Owner: mladjo
--

ALTER TABLE ONLY public.cms_post_tags
    ADD CONSTRAINT cms_post_tags_pkey PRIMARY KEY (id);


--
-- Name: cms_post_tags cms_post_tags_post_id_tag_id_6235bfdb_uniq; Type: CONSTRAINT; Schema: public; Owner: mladjo
--

ALTER TABLE ONLY public.cms_post_tags
    ADD CONSTRAINT cms_post_tags_post_id_tag_id_6235bfdb_uniq UNIQUE (post_id, tag_id);


--
-- Name: cms_post cms_post_title_key; Type: CONSTRAINT; Schema: public; Owner: mladjo
--

ALTER TABLE ONLY public.cms_post
    ADD CONSTRAINT cms_post_title_key UNIQUE (title);


--
-- Name: cms_tag cms_tag_pkey; Type: CONSTRAINT; Schema: public; Owner: mladjo
--

ALTER TABLE ONLY public.cms_tag
    ADD CONSTRAINT cms_tag_pkey PRIMARY KEY (id);


--
-- Name: cms_tag cms_tag_slug_key; Type: CONSTRAINT; Schema: public; Owner: mladjo
--

ALTER TABLE ONLY public.cms_tag
    ADD CONSTRAINT cms_tag_slug_key UNIQUE (slug);


--
-- Name: django_admin_log django_admin_log_pkey; Type: CONSTRAINT; Schema: public; Owner: mladjo
--

ALTER TABLE ONLY public.django_admin_log
    ADD CONSTRAINT django_admin_log_pkey PRIMARY KEY (id);


--
-- Name: django_content_type django_content_type_app_label_model_76bd3d3b_uniq; Type: CONSTRAINT; Schema: public; Owner: mladjo
--

ALTER TABLE ONLY public.django_content_type
    ADD CONSTRAINT django_content_type_app_label_model_76bd3d3b_uniq UNIQUE (app_label, model);


--
-- Name: django_content_type django_content_type_pkey; Type: CONSTRAINT; Schema: public; Owner: mladjo
--

ALTER TABLE ONLY public.django_content_type
    ADD CONSTRAINT django_content_type_pkey PRIMARY KEY (id);


--
-- Name: django_migrations django_migrations_pkey; Type: CONSTRAINT; Schema: public; Owner: mladjo
--

ALTER TABLE ONLY public.django_migrations
    ADD CONSTRAINT django_migrations_pkey PRIMARY KEY (id);


--
-- Name: django_session django_session_pkey; Type: CONSTRAINT; Schema: public; Owner: mladjo
--

ALTER TABLE ONLY public.django_session
    ADD CONSTRAINT django_session_pkey PRIMARY KEY (session_key);


--
-- Name: auth_group_name_a6ea08ec_like; Type: INDEX; Schema: public; Owner: mladjo
--

CREATE INDEX auth_group_name_a6ea08ec_like ON public.auth_group USING btree (name varchar_pattern_ops);


--
-- Name: auth_group_permissions_group_id_b120cbf9; Type: INDEX; Schema: public; Owner: mladjo
--

CREATE INDEX auth_group_permissions_group_id_b120cbf9 ON public.auth_group_permissions USING btree (group_id);


--
-- Name: auth_group_permissions_permission_id_84c5c92e; Type: INDEX; Schema: public; Owner: mladjo
--

CREATE INDEX auth_group_permissions_permission_id_84c5c92e ON public.auth_group_permissions USING btree (permission_id);


--
-- Name: auth_permission_content_type_id_2f476e4b; Type: INDEX; Schema: public; Owner: mladjo
--

CREATE INDEX auth_permission_content_type_id_2f476e4b ON public.auth_permission USING btree (content_type_id);


--
-- Name: auth_user_groups_group_id_97559544; Type: INDEX; Schema: public; Owner: mladjo
--

CREATE INDEX auth_user_groups_group_id_97559544 ON public.auth_user_groups USING btree (group_id);


--
-- Name: auth_user_groups_user_id_6a12ed8b; Type: INDEX; Schema: public; Owner: mladjo
--

CREATE INDEX auth_user_groups_user_id_6a12ed8b ON public.auth_user_groups USING btree (user_id);


--
-- Name: auth_user_user_permissions_permission_id_1fbb5f2c; Type: INDEX; Schema: public; Owner: mladjo
--

CREATE INDEX auth_user_user_permissions_permission_id_1fbb5f2c ON public.auth_user_user_permissions USING btree (permission_id);


--
-- Name: auth_user_user_permissions_user_id_a95ead1b; Type: INDEX; Schema: public; Owner: mladjo
--

CREATE INDEX auth_user_user_permissions_user_id_a95ead1b ON public.auth_user_user_permissions USING btree (user_id);


--
-- Name: auth_user_username_6821ab7c_like; Type: INDEX; Schema: public; Owner: mladjo
--

CREATE INDEX auth_user_username_6821ab7c_like ON public.auth_user USING btree (username varchar_pattern_ops);


--
-- Name: cms_category_slug_2811c358_like; Type: INDEX; Schema: public; Owner: mladjo
--

CREATE INDEX cms_category_slug_2811c358_like ON public.cms_category USING btree (slug varchar_pattern_ops);


--
-- Name: cms_page_slug_79813086_like; Type: INDEX; Schema: public; Owner: mladjo
--

CREATE INDEX cms_page_slug_79813086_like ON public.cms_page USING btree (slug varchar_pattern_ops);


--
-- Name: cms_page_title_c419176f_like; Type: INDEX; Schema: public; Owner: mladjo
--

CREATE INDEX cms_page_title_c419176f_like ON public.cms_page USING btree (title varchar_pattern_ops);


--
-- Name: cms_post_author_id_cec355c1; Type: INDEX; Schema: public; Owner: mladjo
--

CREATE INDEX cms_post_author_id_cec355c1 ON public.cms_post USING btree (author_id);


--
-- Name: cms_post_category_id_06bab4b6; Type: INDEX; Schema: public; Owner: mladjo
--

CREATE INDEX cms_post_category_id_06bab4b6 ON public.cms_post USING btree (category_id);


--
-- Name: cms_post_slug_21427a1d_like; Type: INDEX; Schema: public; Owner: mladjo
--

CREATE INDEX cms_post_slug_21427a1d_like ON public.cms_post USING btree (slug varchar_pattern_ops);


--
-- Name: cms_post_tags_post_id_d4a2b852; Type: INDEX; Schema: public; Owner: mladjo
--

CREATE INDEX cms_post_tags_post_id_d4a2b852 ON public.cms_post_tags USING btree (post_id);


--
-- Name: cms_post_tags_tag_id_ac96f80f; Type: INDEX; Schema: public; Owner: mladjo
--

CREATE INDEX cms_post_tags_tag_id_ac96f80f ON public.cms_post_tags USING btree (tag_id);


--
-- Name: cms_post_title_570c1157_like; Type: INDEX; Schema: public; Owner: mladjo
--

CREATE INDEX cms_post_title_570c1157_like ON public.cms_post USING btree (title varchar_pattern_ops);


--
-- Name: cms_tag_slug_4ac60030_like; Type: INDEX; Schema: public; Owner: mladjo
--

CREATE INDEX cms_tag_slug_4ac60030_like ON public.cms_tag USING btree (slug varchar_pattern_ops);


--
-- Name: django_admin_log_content_type_id_c4bce8eb; Type: INDEX; Schema: public; Owner: mladjo
--

CREATE INDEX django_admin_log_content_type_id_c4bce8eb ON public.django_admin_log USING btree (content_type_id);


--
-- Name: django_admin_log_user_id_c564eba6; Type: INDEX; Schema: public; Owner: mladjo
--

CREATE INDEX django_admin_log_user_id_c564eba6 ON public.django_admin_log USING btree (user_id);


--
-- Name: django_session_expire_date_a5c62663; Type: INDEX; Schema: public; Owner: mladjo
--

CREATE INDEX django_session_expire_date_a5c62663 ON public.django_session USING btree (expire_date);


--
-- Name: django_session_session_key_c0390e0f_like; Type: INDEX; Schema: public; Owner: mladjo
--

CREATE INDEX django_session_session_key_c0390e0f_like ON public.django_session USING btree (session_key varchar_pattern_ops);


--
-- Name: auth_group_permissions auth_group_permissio_permission_id_84c5c92e_fk_auth_perm; Type: FK CONSTRAINT; Schema: public; Owner: mladjo
--

ALTER TABLE ONLY public.auth_group_permissions
    ADD CONSTRAINT auth_group_permissio_permission_id_84c5c92e_fk_auth_perm FOREIGN KEY (permission_id) REFERENCES public.auth_permission(id) DEFERRABLE INITIALLY DEFERRED;


--
-- Name: auth_group_permissions auth_group_permissions_group_id_b120cbf9_fk_auth_group_id; Type: FK CONSTRAINT; Schema: public; Owner: mladjo
--

ALTER TABLE ONLY public.auth_group_permissions
    ADD CONSTRAINT auth_group_permissions_group_id_b120cbf9_fk_auth_group_id FOREIGN KEY (group_id) REFERENCES public.auth_group(id) DEFERRABLE INITIALLY DEFERRED;


--
-- Name: auth_permission auth_permission_content_type_id_2f476e4b_fk_django_co; Type: FK CONSTRAINT; Schema: public; Owner: mladjo
--

ALTER TABLE ONLY public.auth_permission
    ADD CONSTRAINT auth_permission_content_type_id_2f476e4b_fk_django_co FOREIGN KEY (content_type_id) REFERENCES public.django_content_type(id) DEFERRABLE INITIALLY DEFERRED;


--
-- Name: auth_user_groups auth_user_groups_group_id_97559544_fk_auth_group_id; Type: FK CONSTRAINT; Schema: public; Owner: mladjo
--

ALTER TABLE ONLY public.auth_user_groups
    ADD CONSTRAINT auth_user_groups_group_id_97559544_fk_auth_group_id FOREIGN KEY (group_id) REFERENCES public.auth_group(id) DEFERRABLE INITIALLY DEFERRED;


--
-- Name: auth_user_groups auth_user_groups_user_id_6a12ed8b_fk_auth_user_id; Type: FK CONSTRAINT; Schema: public; Owner: mladjo
--

ALTER TABLE ONLY public.auth_user_groups
    ADD CONSTRAINT auth_user_groups_user_id_6a12ed8b_fk_auth_user_id FOREIGN KEY (user_id) REFERENCES public.auth_user(id) DEFERRABLE INITIALLY DEFERRED;


--
-- Name: auth_user_user_permissions auth_user_user_permi_permission_id_1fbb5f2c_fk_auth_perm; Type: FK CONSTRAINT; Schema: public; Owner: mladjo
--

ALTER TABLE ONLY public.auth_user_user_permissions
    ADD CONSTRAINT auth_user_user_permi_permission_id_1fbb5f2c_fk_auth_perm FOREIGN KEY (permission_id) REFERENCES public.auth_permission(id) DEFERRABLE INITIALLY DEFERRED;


--
-- Name: auth_user_user_permissions auth_user_user_permissions_user_id_a95ead1b_fk_auth_user_id; Type: FK CONSTRAINT; Schema: public; Owner: mladjo
--

ALTER TABLE ONLY public.auth_user_user_permissions
    ADD CONSTRAINT auth_user_user_permissions_user_id_a95ead1b_fk_auth_user_id FOREIGN KEY (user_id) REFERENCES public.auth_user(id) DEFERRABLE INITIALLY DEFERRED;


--
-- Name: cms_post cms_post_author_id_cec355c1_fk_auth_user_id; Type: FK CONSTRAINT; Schema: public; Owner: mladjo
--

ALTER TABLE ONLY public.cms_post
    ADD CONSTRAINT cms_post_author_id_cec355c1_fk_auth_user_id FOREIGN KEY (author_id) REFERENCES public.auth_user(id) DEFERRABLE INITIALLY DEFERRED;


--
-- Name: cms_post cms_post_category_id_06bab4b6_fk_cms_category_id; Type: FK CONSTRAINT; Schema: public; Owner: mladjo
--

ALTER TABLE ONLY public.cms_post
    ADD CONSTRAINT cms_post_category_id_06bab4b6_fk_cms_category_id FOREIGN KEY (category_id) REFERENCES public.cms_category(id) DEFERRABLE INITIALLY DEFERRED;


--
-- Name: cms_post_tags cms_post_tags_post_id_d4a2b852_fk_cms_post_id; Type: FK CONSTRAINT; Schema: public; Owner: mladjo
--

ALTER TABLE ONLY public.cms_post_tags
    ADD CONSTRAINT cms_post_tags_post_id_d4a2b852_fk_cms_post_id FOREIGN KEY (post_id) REFERENCES public.cms_post(id) DEFERRABLE INITIALLY DEFERRED;


--
-- Name: cms_post_tags cms_post_tags_tag_id_ac96f80f_fk_cms_tag_id; Type: FK CONSTRAINT; Schema: public; Owner: mladjo
--

ALTER TABLE ONLY public.cms_post_tags
    ADD CONSTRAINT cms_post_tags_tag_id_ac96f80f_fk_cms_tag_id FOREIGN KEY (tag_id) REFERENCES public.cms_tag(id) DEFERRABLE INITIALLY DEFERRED;


--
-- Name: django_admin_log django_admin_log_content_type_id_c4bce8eb_fk_django_co; Type: FK CONSTRAINT; Schema: public; Owner: mladjo
--

ALTER TABLE ONLY public.django_admin_log
    ADD CONSTRAINT django_admin_log_content_type_id_c4bce8eb_fk_django_co FOREIGN KEY (content_type_id) REFERENCES public.django_content_type(id) DEFERRABLE INITIALLY DEFERRED;


--
-- Name: django_admin_log django_admin_log_user_id_c564eba6_fk_auth_user_id; Type: FK CONSTRAINT; Schema: public; Owner: mladjo
--

ALTER TABLE ONLY public.django_admin_log
    ADD CONSTRAINT django_admin_log_user_id_c564eba6_fk_auth_user_id FOREIGN KEY (user_id) REFERENCES public.auth_user(id) DEFERRABLE INITIALLY DEFERRED;


--
-- PostgreSQL database dump complete
--

